Workbook

Sheet Sheet1
B2: Internal Memo | K2: No.
B3: To : | C3: ผู้จัดการเขต / ผู้จัดการสาขา | K3: Date :
B4: RE : | C4: ราคาขาย เดือน
G6: W1 | I6: W2 | K6: W | M6: R
C7: ชื่อสินค้า | D7: RE | E7: RE inv. | I7: ร้านค้าส่งทั่วไป | M7: ขายปลีก
A8: 1 | C8: 1. โครงซีลายน์ - โรงงานทีรกร
B9: 0.525 | C9: ทีรกร ซีลายน์ 5.0-5.5 กก. | G9: 17.75 | H9: =G9/$E9-1 -> #DIV/0! | I9: 18.5 | J9: =I9/$E9-1 -> #DIV/0! | K9: 19 | L9: =K9/$E9-1 -> #DIV/0! | M9: 20.25 | N9: =M9/$E9-1 -> #DIV/0!
B10: 0.575 | C10: ทีรกร ซีลายน์ 5.6-5.9 กก. | G10: 19.5 | H10: =G10/$E10-1 -> #DIV/0! | I10: 20.25 | J10: =I10/$E10-1 -> #DIV/0! | K10: 20.75 | L10: =K10/$E10-1 -> #DIV/0! | M10: 22 | N10: =M10/$E10-1 -> #DIV/0!
B11: 0.625 | C11: ทีรกร ซีลายน์ 6.0-6.5 กก. | G11: 21 | H11: =G11/$E11-1 -> #DIV/0! | I11: 22 | J11: =I11/$E11-1 -> #DIV/0! | K11: 22.5 | L11: =K11/$E11-1 -> #DIV/0! | M11: 24 | N11: =M11/$E11-1 -> #DIV/0!
B12: 0.675 | C12: ทีรกร ซีลายน์ 6.6-6.9 กก. | G12: 22.75 | H12: =G12/$E12-1 -> #DIV/0! | I12: 23.75 | J12: =I12/$E12-1 -> #DIV/0! | K12: 24.5 | L12: =K12/$E12-1 -> #DIV/0! | M12: 26 | N12: =M12/$E12-1 -> #DIV/0!
B13: 0.725 | C13: ทีรกร ซีลายน์ 7.0-7.5 กก. | G13: 24.5 | H13: =G13/$E13-1 -> #DIV/0! | I13: 25.5 | J13: =I13/$E13-1 -> #DIV/0! | K13: 26.25 | L13: =K13/$E13-1 -> #DIV/0! | M13: 27.75 | N13: =M13/$E13-1 -> #DIV/0!
B14: 0.775 | C14: ทีรกร ซีลายน์ 7.6-7.9 กก. | G14: 26.25 | H14: =G14/$E14-1 -> #DIV/0! | I14: 27.25 | J14: =I14/$E14-1 -> #DIV/0! | K14: 28 | L14: =K14/$E14-1 -> #DIV/0! | M14: 29.75 | N14: =M14/$E14-1 -> #DIV/0!
B15: 0.825 | C15: ทีรกร ซีลายน์ 8.0-8.5 กก. | G15: 28 | H15: =G15/$E15-1 -> #DIV/0! | I15: 29 | J15: =I15/$E15-1 -> #DIV/0! | K15: 29.75 | L15: =K15/$E15-1 -> #DIV/0! | M15: 31.5 | N15: =M15/$E15-1 -> #DIV/0!
B16: 0.925 | C16: ทีรกร ซีลายน์ 9.0-9.5 กก. | G16: 31.5 | H16: =G16/$E16-1 -> #DIV/0! | I16: 32.5 | J16: =I16/$E16-1 -> #DIV/0! | K16: 33.5 | L16: =K16/$E16-1 -> #DIV/0! | M16: 35.25 | N16: =M16/$E16-1 -> #DIV/0!
B17: 1.025 | C17: ทีรกร ซีลายน์ 10.0-10.5 กก. | G17: 35 | H17: =G17/$E17-1 -> #DIV/0! | I17: 36 | J17: =I17/$E17-1 -> #DIV/0! | K17: 37 | L17: =K17/$E17-1 -> #DIV/0! | M17: 39 | N17: =M17/$E17-1 -> #DIV/0!
A19: 2 | C19: 1. โครงซีลายน์ - โรงงาน C&T
B20: 0.54 | C20: C&T ซีลายน์ 5.3-5.5 กก. | G20: 22 | H20: =G20/$E20-1 -> #DIV/0! | I20: 22.75 | J20: =I20/$E20-1 -> #DIV/0! | K20: 23.5 | L20: =K20/$E20-1 -> #DIV/0! | M20: 24.75 | N20: =M20/$E20-1 -> #DIV/0!
B21: 0.57 | C21: C&T ซีลายน์ 5.6-5.8 กก. | G21: 23.25 | H21: =G21/$E21-1 -> #DIV/0! | I21: 24 | J21: =I21/$E21-1 -> #DIV/0! | K21: 24.75 | L21: =K21/$E21-1 -> #DIV/0! | M21: 26.25 | N21: =M21/$E21-1 -> #DIV/0!
B22: 0.63 | C22: C&T ซีลายน์ 6.2-6.4 กก. | G22: 25.75 | H22: =G22/$E22-1 -> #DIV/0! | I22: 26.5 | J22: =I22/$E22-1 -> #DIV/0! | K22: 27.25 | L22: =K22/$E22-1 -> #DIV/0! | M22: 29 | N22: =M22/$E22-1 -> #DIV/0!
B23: 0.66 | C23: C&T ซีลายน์ 6.5-6.7 กก. | G23: 27 | H23: =G23/$E23-1 -> #DIV/0! | I23: 27.75 | J23: =I23/$E23-1 -> #DIV/0! | K23: 28.5 | L23: =K23/$E23-1 -> #DIV/0! | M23: 30.25 | N23: =M23/$E23-1 -> #DIV/0!
B24: 0.72 | C24: C&T ซีลายน์ 7.1-7.3 กก. | G24: 29.25 | H24: =G24/$E24-1 -> #DIV/0! | I24: 30.25 | J24: =I24/$E24-1 -> #DIV/0! | K24: 31.25 | L24: =K24/$E24-1 -> #DIV/0! | M24: 33 | N24: =M24/$E24-1 -> #DIV/0!
B25: 0.78 | C25: C&T ซีลายน์ 7.7-7.9 กก. | G25: 31.75 | H25: =G25/$E25-1 -> #DIV/0! | I25: 33 | J25: =I25/$E25-1 -> #DIV/0! | K25: 33.75 | L25: =K25/$E25-1 -> #DIV/0! | M25: 35.75 | N25: =M25/$E25-1 -> #DIV/0!
B26: 0.81 | C26: C&T ซีลายน์ 8.0-8.2 กก. | G26: 33 | H26: =G26/$E26-1 -> #DIV/0! | I26: 34.25 | J26: =I26/$E26-1 -> #DIV/0! | K26: 35 | L26: =K26/$E26-1 -> #DIV/0! | M26: 37 | N26: =M26/$E26-1 -> #DIV/0!
B27: 0.925 | C27: C&T ซีลายน์ 9.0-9.5 กก. | G27: 37.75 | H27: =G27/$E27-1 -> #DIV/0! | I27: 39 | J27: =I27/$E27-1 -> #DIV/0! | K27: 40 | L27: =K27/$E27-1 -> #DIV/0! | M27: 42.25 | N27: =M27/$E27-1 -> #DIV/0!
C29: 2. ฉากสังกะสี
A30: =_xlfn.XLOOKUP(Sheet1!B30,Sheet2!$A$2:$A$9,Sheet2!$B$2:$B$9) -> 3 | B30: อมรชัย | C30: ฉากสังกะสี 6 หุน No.30 (บาง) 3.0kg-3.5kg | G30: 7.25 | H30: =G30/$E30-1 -> #DIV/0! | I30: 7.5 | J30: =I30/$E30-1 -> #DIV/0! | K30: 7.75 | L30: =K30/$E30-1 -> #DIV/0! | M30: 8 | N30: =M30/$E30-1 -> #DIV/0!
A31: =_xlfn.XLOOKUP(Sheet1!B31,Sheet2!$A$2:$A$9,Sheet2!$B$2:$B$9) -> 3 | B31: อมรชัย | C31: ฉากสังกะสี 6 หุน No.30 (บาง) 4.0kg-4.5kg | G31: 9.5 | H31: =G31/$E31-1 -> #DIV/0! | I31: 9.75 | J31: =I31/$E31-1 -> #DIV/0! | K31: 10 | L31: =K31/$E31-1 -> #DIV/0! | M31: 10.25 | N31: =M31/$E31-1 -> #DIV/0!
A32: =_xlfn.XLOOKUP(Sheet1!B32,Sheet2!$A$2:$A$9,Sheet2!$B$2:$B$9) -> 3 | B32: อมรชัย | C32: ฉากสังกะสี 1"x 1" No.26 (6.0-6.5 kg) | G32: 12 | H32: =G32/$E32-1 -> #DIV/0! | I32: 12.25 | J32: =I32/$E32-1 -> #DIV/0! | K32: 12.5 | L32: =K32/$E32-1 -> #DIV/0! | M32: 12.75 | N32: =M32/$E32-1 -> #DIV/0!
A33: =_xlfn.XLOOKUP(Sheet1!B33,Sheet2!$A$2:$A$9,Sheet2!$B$2:$B$9) -> 1 | B33: ทีรกร | C33: ฉากสังกะสี 6 หุน No.30 (หนา) 4.0kg-4.5 kg | G33: 6.75 | H33: =G33/$E33-1 -> #DIV/0! | I33: 7 | J33: =I33/$E33-1 -> #DIV/0! | K33: 7.25 | L33: =K33/$E33-1 -> #DIV/0! | M33: 7.5 | N33: =M33/$E33-1 -> #DIV/0!
A34: =_xlfn.XLOOKUP(Sheet1!B34,Sheet2!$A$2:$A$9,Sheet2!$B$2:$B$9) -> 1 | B34: ทีรกร | C34: ฉากสังกะสี 6 หุน No.30 (หนา) 5.0kg-5.5 kg | G34: 7.75 | H34: =G34/$E34-1 -> #DIV/0! | I34: 8 | J34: =I34/$E34-1 -> #DIV/0! | K34: 8.25 | L34: =K34/$E34-1 -> #DIV/0! | M34: 8.5 | N34: =M34/$E34-1 -> #DIV/0!
A35: =_xlfn.XLOOKUP(Sheet1!B35,Sheet2!$A$2:$A$9,Sheet2!$B$2:$B$9) -> 2 | B35: C&T | C35: ฉากสังกะสี 6 หุน No.30 (หนา) 5.0kg-5.5 kg | G35: 6.75 | H35: =G35/$E35-1 -> #DIV/0! | I35: 7 | J35: =I35/$E35-1 -> #DIV/0! | K35: 7.25 | L35: =K35/$E35-1 -> #DIV/0! | M35: 7.5 | N35: =M35/$E35-1 -> #DIV/0!
A36: =_xlfn.XLOOKUP(Sheet1!B36,Sheet2!$A$2:$A$9,Sheet2!$B$2:$B$9) -> 2 | B36: C&T | C36: ฉากสังกะสี 6 หุน No.30 (บาง) 3.0kg-3.5 kg | G36: 5.75 | H36: =G36/$E36-1 -> #DIV/0! | I36: 6 | J36: =I36/$E36-1 -> #DIV/0! | K36: 6.25 | L36: =K36/$E36-1 -> #DIV/0! | M36: 6.5 | N36: =M36/$E36-1 -> #DIV/0!
A37: =_xlfn.XLOOKUP(Sheet1!B37,Sheet2!$A$2:$A$9,Sheet2!$B$2:$B$9) -> 2 | B37: C&T | C37: ฉากสังกะสี 1"x 1" No.26 (6.0-8.0 kg) | G37: 9 | H37: =G37/$E37-1 -> #DIV/0! | I37: 9.25 | J37: =I37/$E37-1 -> #DIV/0! | K37: 9.5 | L37: =K37/$E37-1 -> #DIV/0! | M37: 9.75 | N37: =M37/$E37-1 -> #DIV/0!
A38: =_xlfn.XLOOKUP(Sheet1!B38,Sheet2!$A$2:$A$9,Sheet2!$B$2:$B$9) -> 1 | B38: ทีรกร | C38: ฉากสังกะสี 1"x 1" No.26 (6.0-6.5 kg) | G38: 10 | H38: =G38/$E38-1 -> #DIV/0! | I38: 10.25 | J38: =I38/$E38-1 -> #DIV/0! | K38: 10.5 | L38: =K38/$E38-1 -> #DIV/0! | M38: 10.75 | N38: =M38/$E38-1 -> #DIV/0!
A41: 1,2 | C41: 3. โครงผนัง (ซี ยู) โรงงาน ทีรกร / C&T
C42: โครงผนังตัว C 6.5 x 240 cm. No.24 | G42: 48 | H42: =G42/$E42-1 -> #DIV/0! | I42: 50 | J42: =I42/$E42-1 -> #DIV/0! | K42: 51.5 | L42: =K42/$E42-1 -> #DIV/0! | M42: 52.5 | N42: =M42/$E42-1 -> #DIV/0!
C43: โครงผนังตัว C 6.5 x 300 cm. No.24 | G43: 59.5 | H43: =G43/$E43-1 -> #DIV/0! | I43: 61.75 | J43: =I43/$E43-1 -> #DIV/0! | K43: 63.5 | L43: =K43/$E43-1 -> #DIV/0! | M43: 65 | N43: =M43/$E43-1 -> #DIV/0!
C44: โครงผนังตัว C 7.5 x 240 cm. No.24 | G44: 51 | H44: =G44/$E44-1 -> #DIV/0! | I44: 53 | J44: =I44/$E44-1 -> #DIV/0! | K44: 54.5 | L44: =K44/$E44-1 -> #DIV/0! | M44: 55.25 | N44: =M44/$E44-1 -> #DIV/0!
C45: โครงผนังตัว C 7.5 x 300 cm. No.24 | G45: 62.5 | H45: =G45/$E45-1 -> #DIV/0! | I45: 65.5 | J45: =I45/$E45-1 -> #DIV/0! | K45: 67 | L45: =K45/$E45-1 -> #DIV/0! | M45: 68.5 | N45: =M45/$E45-1 -> #DIV/0!
C46: โครงผนังตัว C 6.5 x 240 cm. No.26 | G46: 36.25 | H46: =G46/$E46-1 -> #DIV/0! | I46: 37.75 | J46: =I46/$E46-1 -> #DIV/0! | K46: 38.75 | L46: =K46/$E46-1 -> #DIV/0! | M46: 39.5 | N46: =M46/$E46-1 -> #DIV/0!
C47: โครงผนังตัว C 6.5 x 300 cm. No.26 | G47: 43.75 | H47: =G47/$E47-1 -> #DIV/0! | I47: 46 | J47: =I47/$E47-1 -> #DIV/0! | K47: 47 | L47: =K47/$E47-1 -> #DIV/0! | M47: 48 | N47: =M47/$E47-1 -> #DIV/0!
C48: โครงผนังตัว C 7.5 x 240 cm. No.26 | G48: 36.25 | H48: =G48/$E48-1 -> #DIV/0! | I48: 37.75 | J48: =I48/$E48-1 -> #DIV/0! | K48: 38.75 | L48: =K48/$E48-1 -> #DIV/0! | M48: 39.5 | N48: =M48/$E48-1 -> #DIV/0!
C49: โครงผนังตัว C 7.5 x 300 cm. No.26 | G49: 44 | H49: =G49/$E49-1 -> #DIV/0! | I49: 46 | J49: =I49/$E49-1 -> #DIV/0! | K49: 47 | L49: =K49/$E49-1 -> #DIV/0! | M49: 48 | N49: =M49/$E49-1 -> #DIV/0!
C50: โครงผนังตัว U 6.5 x 240 cm. No.24 | G50: 48 | H50: =G50/$E50-1 -> #DIV/0! | I50: 50 | J50: =I50/$E50-1 -> #DIV/0! | K50: 51.5 | L50: =K50/$E50-1 -> #DIV/0! | M50: 52.5 | N50: =M50/$E50-1 -> #DIV/0!
C51: โครงผนังตัว U 6.5 x 300 cm. No.24 | G51: 59.25 | H51: =G51/$E51-1 -> #DIV/0! | I51: 62 | J51: =I51/$E51-1 -> #DIV/0! | K51: 63.5 | L51: =K51/$E51-1 -> #DIV/0! | M51: 64.5 | N51: =M51/$E51-1 -> #DIV/0!
C52: โครงผนังตัว U 7.5 x 240 cm. No.24 | G52: 43.5 | H52: =G52/$E52-1 -> #DIV/0! | I52: 45.5 | J52: =I52/$E52-1 -> #DIV/0! | K52: 46.75 | L52: =K52/$E52-1 -> #DIV/0! | M52: 47.5 | N52: =M52/$E52-1 -> #DIV/0!
C53: โครงผนังตัว U 7.5 x 300 cm. No.24 | G53: 53.75 | H53: =G53/$E53-1 -> #DIV/0! | I53: 56.25 | J53: =I53/$E53-1 -> #DIV/0! | K53: 58 | L53: =K53/$E53-1 -> #DIV/0! | M53: 58.5 | N53: =M53/$E53-1 -> #DIV/0!
... C61: ซอยผนัง 7.5 x 60 cm. No.26 | G61: 12.25 | H61: =G61/$E61-1 -> #DIV/0! | I61: 12.75 | J61: =I61/$E61-1 -> #DIV/0! | K61: 13 | L61: =K61/$E61-1 -> #DIV/0! | M61: 13.25 | N61: =M61/$E61-1 -> #DIV/0!
C63: 3. โครงผนัง (ซี ยู) โรงงาน อมรชัย
C64: โครงผนังตัว C 6.5 x 240 cm. No.24 | G64: 52 | H64: =G64/$E64-1 -> #DIV/0! | I64: 54.25 | J64: =I64/$E64-1 -> #DIV/0! | K64: 55.75 | L64: =K64/$E64-1 -> #DIV/0! | M64: 56.5 | N64: =M64/$E64-1 -> #DIV/0!
C65: โครงผนังตัว C 6.5 x 300 cm. No.24 | G65: 65.25 | H65: =G65/$E65-1 -> #DIV/0! | I65: 68 | J65: =I65/$E65-1 -> #DIV/0! | K65: 69.5 | L65: =K65/$E65-1 -> #DIV/0! | M65: 71 | N65: =M65/$E65-1 -> #DIV/0!
C66: โครงผนังตัว C 7.5 x 240 cm. No.24 | G66: 55.5 | H66: =G66/$E66-1 -> #DIV/0! | I66: 58 | J66: =I66/$E66-1 -> #DIV/0! | K66: 59.5 | L66: =K66/$E66-1 -> #DIV/0! | M66: 60.5 | N66: =M66/$E66-1 -> #DIV/0!
C67: โครงผนังตัว C 7.5 x 300 cm. No.24 | G67: 68.5 | H67: =G67/$E67-1 -> #DIV/0! | I67: 71.5 | J67: =I67/$E67-1 -> #DIV/0! | K67: 73.5 | L67: =K67/$E67-1 -> #DIV/0! | M67: 74.5 | N67: =M67/$E67-1 -> #DIV/0!
C68: โครงผนังตัว C 6.5 x 240 cm. No.26 | G68: 33 | H68: =G68/$E68-1 -> #DIV/0! | I68: 34.5 | J68: =I68/$E68-1 -> #DIV/0! | K68: 35.5 | L68: =K68/$E68-1 -> #DIV/0! | M68: 36 | N68: =M68/$E68-1 -> #DIV/0!
C69: โครงผนังตัว C 6.5 x 300 cm. No.26 | G69: 42.5 | H69: =G69/$E69-1 -> #DIV/0! | I69: 44.5 | J69: =I69/$E69-1 -> #DIV/0! | K69: 45.5 | L69: =K69/$E69-1 -> #DIV/0! | M69: 46.25 | N69: =M69/$E69-1 -> #DIV/0!
C70: โครงผนังตัว C 7.5 x 240 cm. No.26 | G70: 34.25 | H70: =G70/$E70-1 -> #DIV/0! | I70: 35.75 | J70: =I70/$E70-1 -> #DIV/0! | K70: 36.75 | L70: =K70/$E70-1 -> #DIV/0! | M70: 37.25 | N70: =M70/$E70-1 -> #DIV/0!
C71: โครงผนังตัว C 7.5 x 300 cm. No.26 | G71: 42.5 | H71: =G71/$E71-1 -> #DIV/0! | I71: 44.25 | J71: =I71/$E71-1 -> #DIV/0! | K71: 45.5 | L71: =K71/$E71-1 -> #DIV/0! | M71: 46.25 | N71: =M71/$E71-1 -> #DIV/0!
C72: โครงผนังตัว U 6.5 x 240 cm. No.24 | G72: 45 | H72: =G72/$E72-1 -> #DIV/0! | I72: 46.75 | J72: =I72/$E72-1 -> #DIV/0! | K72: 48 | L72: =K72/$E72-1 -> #DIV/0! | M72: 49 | N72: =M72/$E72-1 -> #DIV/0!
C73: โครงผนังตัว U 6.5 x 300 cm. No.24 | G73: 55.5 | H73: =G73/$E73-1 -> #DIV/0! | I73: 57.5 | J73: =I73/$E73-1 -> #DIV/0! | K73: 59.5 | L73: =K73/$E73-1 -> #DIV/0! | M73: 60.5 | N73: =M73/$E73-1 -> #DIV/0!
C74: โครงผนังตัว U 7.5 x 240 cm. No.24 | G74: 48.5 | H74: =G74/$E74-1 -> #DIV/0! | I74: 50.5 | J74: =I74/$E74-1 -> #DIV/0! | K74: 51.75 | L74: =K74/$E74-1 -> #DIV/0! | M74: 52.75 | N74: =M74/$E74-1 -> #DIV/0!
C75: โครงผนังตัว U 7.5 x 300 cm. No.24 | G75: 60 | H75: =G75/$E75-1 -> #DIV/0! | I75: 63 | J75: =I75/$E75-1 -> #DIV/0! | K75: 64 | L75: =K75/$E75-1 -> #DIV/0! | M75: 65.5 | N75: =M75/$E75-1 -> #DIV/0!
... C81: ซอยผนัง 7.5 x 60 cm. No.26 | G81: 11.5 | H81: =G81/$E81-1 -> #DIV/0! | I81: 12 | J81: =I81/$E81-1 -> #DIV/0! | K81: 12.5 | L81: =K81/$E81-1 -> #DIV/0! | M81: 12.75 | N81: =M81/$E81-1 -> #DIV/0!
C83: 4. โครงทีบาร์
A84: =_xlfn.XLOOKUP(Sheet1!B84,Sheet2!$A$2:$A$9,Sheet2!$B$2:$B$9) -> 1 | B84: ทีรกร | C84: โครงทีซอย 60 cm. สีอบขาว บาง | H84: =G84/$E84-1 -> #DIV/0! | J84: =I84/$E84-1 -> #DIV/0! | L84: =K84/$E84-1 -> #DIV/0! | N84: =M84/$E84-1 -> #DIV/0!
A85: =_xlfn.XLOOKUP(Sheet1!B85,Sheet2!$A$2:$A$9,Sheet2!$B$2:$B$9) -> 2 | B85: C&T | C85: โครงทีซอย 60 cm. สีอบขาว บาง | G85: 7.75 | H85: =G85/$E85-1 -> #DIV/0! | I85: 8 | J85: =I85/$E85-1 -> #DIV/0! | K85: 8.5 | L85: =K85/$E85-1 -> #DIV/0! | M85: 8.75 | N85: =M85/$E85-1 -> #DIV/0!
C86: โครงทีซอย 60 ซม. สีขาว บาง
C87: โครงทีซอย 60 ซม. สีขาว กลาง
C88: โครงทีซอย 60 ซม. สีขาว หนา
A89: =_xlfn.XLOOKUP(Sheet1!B89,Sheet2!$A$2:$A$9,Sheet2!$B$2:$B$9) -> 1 | B89: ทีรกร | C89: โครงทีเมน 1"x1" สีอบขาว บาง | H89: =G89/$E89-1 -> #DIV/0! | J89: =I89/$E89-1 -> #DIV/0! | L89: =K89/$E89-1 -> #DIV/0! | N89: =M89/$E89-1 -> #DIV/0!
A90: =_xlfn.XLOOKUP(Sheet1!B90,Sheet2!$A$2:$A$9,Sheet2!$B$2:$B$9) -> 2 | B90: C&T | C90: โครงทีเมน 1"x1" สีอบขาว บาง | G90: 35.5 | H90: =G90/$E90-1 -> #DIV/0! | I90: 36.5 | J90: =I90/$E90-1 -> #DIV/0! | K90: 39 | L90: =K90/$E90-1 -> #DIV/0! | M90: 40 | N90: =M90/$E90-1 -> #DIV/0!
C91: โครงทีเมน 1" x 1" สีขาว บาง
C92: โครงทีเมน 1"x1" สีขาว กลาง
C93: โครงทีเมน 1" x 1" สีขาว หนา
A94: =_xlfn.XLOOKUP(Sheet1!B94,Sheet2!$A$2:$A$9,Sheet2!$B$2:$B$9) -> 1 | B94: ทีรกร | C94: โครงริม 6 หุน สีอบขาว (ฉากระดับเคลือบสี) | H94: =G94/$E94-1 -> #DIV/0! | J94: =I94/$E94-1 -> #DIV/0! | L94: =K94/$E94-1 -> #DIV/0! | N94: =M94/$E94-1 -> #DIV/0!
A95: =_xlfn.XLOOKUP(Sheet1!B95,Sheet2!$A$2:$A$9,Sheet2!$B$2:$B$9) -> 2 | B95: C&T | C95: โครงริม 6 หุน สีอบขาว (ฉากระดับเคลือบสี) | G95: 23.5 | H95: =G95/$E95-1 -> #DIV/0! | I95: 24 | J95: =I95/$E95-1 -> #DIV/0! | K95: 25.5 | L95: =K95/$E95-1 -> #DIV/0! | M95: 26.25 | N95: =M95/$E95-1 -> #DIV/0!
C97: แปสังกะสี ทีรกร
C98: แปสังกะสี 0.50 - 0.54 กก | H98: =G98/$E98-1 -> #DIV/0! | J98: =I98/$E98-1 -> #DIV/0! | L98: =K98/$E98-1 -> #DIV/0! | N98: =M98/$E98-1 -> #DIV/0!
C99: แปสังกะสี 0.55 - 0.59 กก | H99: =G99/$E99-1 -> #DIV/0! | J99: =I99/$E99-1 -> #DIV/0! | L99: =K99/$E99-1 -> #DIV/0! | N99: =M99/$E99-1 -> #DIV/0!
C100: แปสังกะสี 0.60 - 0.64 กก | H100: =G100/$E100-1 -> #DIV/0! | J100: =I100/$E100-1 -> #DIV/0! | L100: =K100/$E100-1 -> #DIV/0! | N100: =M100/$E100-1 -> #DIV/0!
C101: แปสังกะสี 0.65 - 0.69 กก (ซิงค์สีเทา) | H101: =G101/$E101-1 -> #DIV/0! | J101: =I101/$E101-1 -> #DIV/0! | L101: =K101/$E101-1 -> #DIV/0! | N101: =M101/$E101-1 -> #DIV/0!
C102: แปสังกะสี 0.70 - 0.75 กก (ซิงค์สีเทา) | H102: =G102/$E102-1 -> #DIV/0! | J102: =I102/$E102-1 -> #DIV/0! | L102: =K102/$E102-1 -> #DIV/0! | N102: =M102/$E102-1 -> #DIV/0!
C104: แปสังกะสี C&T
C105: แปสังกะสี 0.50 - 0.54 กก | H105: =G105/$E105-1 -> #DIV/0! | J105: =I105/$E105-1 -> #DIV/0! | L105: =K105/$E105-1 -> #DIV/0! | N105: =M105/$E105-1 -> #DIV/0!
C106: แปสังกะสี 0.55 - 0.59 กก | H106: =G106/$E106-1 -> #DIV/0! | J106: =I106/$E106-1 -> #DIV/0! | L106: =K106/$E106-1 -> #DIV/0! | N106: =M106/$E106-1 -> #DIV/0!
C107: แปสังกะสี 0.60 - 0.64 กก | H107: =G107/$E107-1 -> #DIV/0! | J107: =I107/$E107-1 -> #DIV/0! | L107: =K107/$E107-1 -> #DIV/0! | N107: =M107/$E107-1 -> #DIV/0!
C109: แปสังกะสี Globlex
C110: แปหลังคา 1.90 - 2.00 กก | D110: =E110/1.07 -> 0 | E110: 0 | H110: =G110/$E110-1 -> #DIV/0! | J110: =I110/$E110-1 -> #DIV/0! | L110: =K110/$E110-1 -> #DIV/0! | N110: =M110/$E110-1 -> #DIV/0!
C111: แปสังกะสี 2.10 - 2.20 กก | D111: =E111/1.07 -> 0 | E111: 0 | H111: =G111/$E111-1 -> #DIV/0! | J111: =I111/$E111-1 -> #DIV/0! | L111: =K111/$E111-1 -> #DIV/0! | N111: =M111/$E111-1 -> #DIV/0!
C112: แปสังกะสี 2.40 - 2.50 กก | D112: =E112/1.07 -> 0 | E112: 0 | H112: =G112/$E112-1 -> #DIV/0! | J112: =I112/$E112-1 -> #DIV/0! | L112: =K112/$E112-1 -> #DIV/0! | N112: =M112/$E112-1 -> #DIV/0!
C113: 5. อุปกรณ์ยิปซั่ม
A114: =IFERROR(_xlfn.XLOOKUP(Sheet1!B114,Sheet2!$A$2:$A$9,Sheet2!$B$2:$B$9),"") -> 1 | B114: ทีรกร | C114: ล็อคกิ้งคีย์ (บาง) (ทีรกร) | G114: 0.53 | H114: =G114/$E114-1 -> #DIV/0! | I114: 0.55 | J114: =I114/$E114-1 -> #DIV/0! | K114: 0.57 | L114: =K114/$E114-1 -> #DIV/0! | M114: 0.6 | N114: =M114/$E114-1 -> #DIV/0!
A115: =IFERROR(_xlfn.XLOOKUP(Sheet1!B115,Sheet2!$A$2:$A$9,Sheet2!$B$2:$B$9),"") -> 1 | B115: ทีรกร | C115: ล็อคกิ้งคีย์ (หนา) (ทีรกร) | G115: 0.59 | H115: =G115/$E115-1 -> #DIV/0! | I115: 0.61 | J115: =I115/$E115-1 -> #DIV/0! | K115: 0.63 | L115: =K115/$E115-1 -> #DIV/0! | M115: 0.66 | N115: =M115/$E115-1 -> #DIV/0!
A116: =IFERROR(_xlfn.XLOOKUP(Sheet1!B116,Sheet2!$A$2:$A$9,Sheet2!$B$2:$B$9),"") -> 2 | B116: C&T | C116: ล็อคกิ้งคีย์ (C&T) | G116: 0.72 | H116: =G116/$E116-1 -> #DIV/0! | I116: 0.74 | J116: =I116/$E116-1 -> #DIV/0! | K116: 0.77 | L116: =K116/$E116-1 -> #DIV/0! | M116: 0.8 | N116: =M116/$E116-1 -> #DIV/0!
A117: =IFERROR(_xlfn.XLOOKUP(Sheet1!B117,Sheet2!$A$2:$A$9,Sheet2!$B$2:$B$9),"") -> 3 | B117: อมรชัย | C117: ล็อคกิ้งคีย์ บาง (อมรชัย) ** 2,000 ตัว / ลัง** | G117: 0.7 | H117: =G117/$E117-1 -> #DIV/0! | I117: 0.72 | J117: =I117/$E117-1 -> #DIV/0! | K117: 0.75 | L117: =K117/$E117-1 -> #DIV/0! | M117: 0.78 | N117: =M117/$E117-1 -> #DIV/0!
A118: =IFERROR(_xlfn.XLOOKUP(Sheet1!B118,Sheet2!$A$2:$A$9,Sheet2!$B$2:$B$9),"") | C118: ล็อคกิ้งคีย์ หนา (อมรชัย) ** 2,000 ตัว / ลัง** | G118: 0.89 | H118: =G118/$E118-1 -> #DIV/0! | I118: 0.92 | J118: =I118/$E118-1 -> #DIV/0! | K118: 0.96 | L118: =K118/$E118-1 -> #DIV/0! | M118: 1 | N118: =M118/$E118-1 -> #DIV/0!
A119: =IFERROR(_xlfn.XLOOKUP(Sheet1!B119,Sheet2!$A$2:$A$9,Sheet2!$B$2:$B$9),"") -> 4 | B119: ประวิทย์ | C119: ล็อคกิ้งคีย์ B (บาง) (ประวิทย์) | G119: 0.69 | H119: =G119/$E119-1 -> #DIV/0! | I119: 0.71 | J119: =I119/$E119-1 -> #DIV/0! | K119: 0.74 | L119: =K119/$E119-1 -> #DIV/0! | M119: 0.77 | N119: =M119/$E119-1 -> #DIV/0!
A120: =IFERROR(_xlfn.XLOOKUP(Sheet1!B120,Sheet2!$A$2:$A$9,Sheet2!$B$2:$B$9),"") | C120: ล็อคกิ้งคีย์ A (หนา) (ประวิทย์) | G120: 0.8 | H120: =G120/$E120-1 -> #DIV/0! | I120: 0.83 | J120: =I120/$E120-1 -> #DIV/0! | K120: 0.86 | L120: =K120/$E120-1 -> #DIV/0! | M120: 0.9 | N120: =M120/$E120-1 -> #DIV/0!
A121: =IFERROR(_xlfn.XLOOKUP(Sheet1!B121,Sheet2!$A$2:$A$9,Sheet2!$B$2:$B$9),"") -> 1 | B121: ทีรกร | C121: ตะขอแขวน (ทีรกร) | G121: 0.59 | H121: =G121/$E121-1 -> #DIV/0! | I121: 0.61 | J121: =I121/$E121-1 -> #DIV/0! | K121: 0.63 | L121: =K121/$E121-1 -> #DIV/0! | M121: 0.66 | N121: =M121/$E121-1 -> #DIV/0!
A122: =IFERROR(_xlfn.XLOOKUP(Sheet1!B122,Sheet2!$A$2:$A$9,Sheet2!$B$2:$B$9),"") -> 2 | B122: C&T | C122: ตะขอแขวน (C&T) | G122: 0.91 | H122: =G122/$E122-1 -> #DIV/0! | I122: 0.94 | J122: =I122/$E122-1 -> #DIV/0! | K122: 0.98 | L122: =K122/$E122-1 -> #DIV/0! | M122: 1.02 | N122: =M122/$E122-1 -> #DIV/0!
A123: =IFERROR(_xlfn.XLOOKUP(Sheet1!B123,Sheet2!$A$2:$A$9,Sheet2!$B$2:$B$9),"") -> 3 | B123: อมรชัย | C123: ตะขอแขวน (อมรชัย) ** 2,000 ตัว/กระสอบ ** | G123: 0.85 | H123: =G123/$E123-1 -> #DIV/0! | I123: 0.87 | J123: =I123/$E123-1 -> #DIV/0! | K123: 0.91 | L123: =K123/$E123-1 -> #DIV/0! | M123: 0.95 | N123: =M123/$E123-1 -> #DIV/0!
...

Sheet Sheet2
A1: ชื่อผู้ขาย | B1: หมายเลข
A2: ทีรกร | B2: 1
A3: C&T | B3: 2
A4: อมรชัย | B4: 3
A5: ประวิทย์ | B5: 4
A6: โพลีแมท | B6: 5
A7: สยาม | B7: 6
A8: เจมยี | B8: 7
A9: ตระกูลไทย | B9: 8

Sheet Ref.
A1: ซีลายน์ 5.0-5.5 กก. | B1: ซีลายน์ 5.6-5.9 กก. | C1: ซีลายน์ 6.0-6.5 กก. | D1: ซีลายน์ 6.6-6.9 กก. | E1: ซีลายน์ 7.0-7.5 กก. | F1: ทีรกร ซีลายน์ 5.0-5.5 กก. | G1: ทีรกร ซีลายน์ 5.6-5.9 กก. | H1: ทีรกร ซีลายน์ 6.0-6.5 กก. | I1: ทีรกร ซีลายน์ 6.6-6.9 กก. | J1: ทีรกร ซีลายน์ 7.0-7.5 กก. | K1: ทีรกร ซีลายน์ 7.6-7.9 กก. | L1: ทีรกร ซีลายน์ 8.0-8.5 กก. | M1: ทีรกร ซีลายน์ 9.0-9.5 กก. | N1: ทีรกร ซีลายน์ 10.0-10.5 กก. | O1: C&T ซีลายน์ 5.3-5.5 กก. | P1: C&T ซีลายน์ 5.6-5.8 กก. | Q1: C&T ซีลายน์ 6.2-6.4 กก. | R1: C&T ซีลายน์ 6.5-6.7 กก. | S1: C&T ซีลายน์ 7.1-7.3 กก. | T1: C&T ซีลายน์ 7.7-7.9 กก. | U1: C&T ซีลายน์ 8.0-8.2 กก. | V1: C&T ซีลายน์ 9.0-9.5 กก. | W1: ฉากสังกะสี 6 หุน No.30 (บาง) 3.0kg-3.5kg | X1: ฉากสังกะสี 6 หุน No.30 (บาง) 4.0kg-4.5kg | Y1: ฉากสังกะสี 1"x 1" No.26 (6.0-6.5 kg) | Z1: ฉากสังกะสี 6 หุน No.30 (หนา) 4.0kg-4.5 kg | AA1: ฉากสังกะสี 6 หุน No.30 (หนา) 5.0kg-5.5 kg | AB1: ฉากสังกะสี 6 หุน No.30 (หนา) 5.0kg-5.5 kg | AC1: ฉากสังกะสี 6 หุน No.30 (บาง) 3.0kg-3.5 kg | AD1: ฉากสังกะสี 1"x 1" No.26 (6.0-8.0 kg) | AE1: ฉากสังกะสี 1"x 1" No.26 (6.0-6.5 kg) | AF1: โครงผนังตัว C 6.5 x 240 cm. No.24 | AG1: โครงผนังตัว C 6.5 x 300 cm. No.24 | AH1: โครงผนังตัว C 7.5 x 240 cm. No.24 | AI1: โครงผนังตัว C 7.5 x 300 cm. No.24 | AJ1: โครงผนังตัว C 6.5 x 240 cm. No.26 | AK1: โครงผนังตัว C 6.5 x 300 cm. No.26 | AL1: โครงผนังตัว C 7.5 x 240 cm. No.26 | AM1: โครงผนังตัว C 7.5 x 300 cm. No.26 | AN1: โครงผนังตัว U 6.5 x 240 cm. No.24 | AO1: โครงผนังตัว U 6.5 x 300 cm. No.24 | AP1: โครงผนังตัว U 7.5 x 240 cm. No.24 | AQ1: โครงผนังตัว U 7.5 x 300 cm. No.24 | AR1: โครงผนังตัว U 6.5 x 240 cm. No.26 | AS1: โครงผนังตัว U 6.5 x 300 cm. No.26 | AT1: โครงผนังตัว U 7.5 x 240 cm. No.26 | AU1: โครงผนังตัว U 7.5 x 300 cm. No.26 | AV1: ซอยผนัง 6.5 x 60 cm. No.24 | AW1: ซอยผนัง 7.5 x 60 cm. No.24 | AX1: ซอยผนัง 6.5 x 60 cm. No.26 | AY1: ซอยผนัง 7.5 x 60 cm. No.26 | AZ1: โครงผนังตัว C 6.5 x 240 cm. No.24 | BA1: โครงผนังตัว C 6.5 x 300 cm. No.24 | BB1: โครงผนังตัว C 7.5 x 240 cm. No.24 | BC1: โครงผนังตัว C 7.5 x 300 cm. No.24 | BD1: โครงผนังตัว C 6.5 x 240 cm. No.26 | BE1: โครงผนังตัว C 6.5 x 300 cm. No.26 | BF1: โครงผนังตัว C 7.5 x 240 cm. No.26 | BG1: โครงผนังตัว C 7.5 x 300 cm. No.26 | BH1: โครงผนังตัว U 6.5 x 240 cm. No.24 | BI1: โครงผนังตัว U 6.5 x 300 cm. No.24 | BJ1: โครงผนังตัว U 7.5 x 240 cm. No.24 | BK1: โครงผนังตัว U 7.5 x 300 cm. No.24 | BL1: โครงผนังตัว U 6.5 x 240 cm. No.26 | BM1: โครงผนังตัว U 6.5 x 300 cm. No.26 | BN1: โครงผนังตัว U 7.5 x 240 cm. No.26 | BO1: โครงผนังตัว U 7.5 x 300 cm. No.26 | BP1: ซอยผนัง 6.5 x 60 cm. No.26 | BQ1: ซอยผนัง 7.5 x 60 cm. No.26 | BR1: โครงทีซอย 60 cm. สีอบขาว บาง | BS1: โครงทีซอย 60 cm. สีอบขาว บาง | BT1: โครงทีซอย 60 ซม. สีขาว บาง | BU1: โครงทีซอย 60 ซม. สีขาว กลาง | BV1: โครงทีซอย 60 ซม. สีขาว หนา | BW1: โครงทีเมน 1"x1" สีอบขาว บาง | BX1: โครงทีเมน 1"x1" สีอบขาว บาง | BY1: โครงทีเมน 1" x 1" สีขาว บาง | BZ1: โครงทีเมน 1"x1" สีขาว กลาง | CA1: โครงทีเมน 1" x 1" สีขาว หนา | CB1: โครงริม 6 หุน สีอบขาว (ฉากระดับเคลือบสี) | CC1: โครงริม 6 หุน สีอบขาว (ฉากระดับเคลือบสี) | CD1: แปสังกะสี 0.50 - 0.54 กก | CE1: แปสังกะสี 0.55 - 0.59 กก | CF1: แปสังกะสี 0.60 - 0.64 กก | CG1: แปสังกะสี 0.65 - 0.69 กก (ซิงค์สีเทา) | CH1: แปสังกะสี 0.70 - 0.75 กก (ซิงค์สีเทา) | CI1: แปสังกะสี 0.50 - 0.54 กก | CJ1: แปสังกะสี 0.55 - 0.59 กก | CK1: แปสังกะสี 0.60 - 0.64 กก | CL1: ล็อคกิ้งคีย์ (บาง) (ทีรกร) | CM1: ล็อคกิ้งคีย์ (หนา) (ทีรกร) | CN1: ล็อคกิ้งคีย์ (C&T) | CO1: ล็อคกิ้งคีย์ บาง (อมรชัย) ** 2,000 ตัว / ลัง** | CP1: ล็อคกิ้งคีย์ หนา (อมรชัย) ** 2,000 ตัว / ลัง** | CQ1: ล็อคกิ้งคีย์ B (บาง) (ประวิทย์) | CR1: ล็อคกิ้งคีย์ A (หนา) (ประวิทย์) | CS1: ตะขอแขวน (ทีรกร) | CT1: ตะขอแขวน (C&T) | CU1: ตะขอแขวน (อมรชัย) ** 2,000 ตัว/กระสอบ ** | CV1: ตะขอแขวน (ประวิทย์) | CW1: สปริงดำ (ทีรกร) | CX1: สปริงดำ (อมรชัย) | CY1: สปริงดำ (C&T) | CZ1: สปริงดำ (ประวิทย์) | DA1: ลวดซีลาย 3.1 ม (ทีรกร) | DB1: ลวดซีลาย 4.0 ม (ทีรกร) | DC1: ลวดซีลาย 3.1 ม (C&T) | DD1: ลวดซีลาย 4.0 ม (C&T) | DE1: ลวดซีลาย 3.1 ม (อมรชัย) แบบชุบ | DF1: ลวดซีลาย (หนา 4.0 มม.) | DG1: ฉาก 2 รู (ทีรกร) | DH1: ฉาก 2 รู (C&T) | DI1: ฉาก 2 รู (อมรชัย) ** 3,000 ตัว/ลัง ** | DJ1: พุกเหล็ก 1.5หุน (100 ตัว/ถุง) | DK1: พุกเหล็ก 2หุน (100 ตัว/ถุง) | DL1: พุกเหล็ก 1.5หุน (100 ตัว/ถุง) | DM1: ผ้าฉาบ (3 ม้วน/ห่อ) | DN1: ผ้าฉาบ (3 ม้วน/ห่อ) ** 50 ห่อ/ลัง ** | DO1: ผ้าฉาบ (3 ม้วน/ห่อ) | DP1: ผ้าฉาบ ไฟเบอร์กลาส 3 ซม. x 20 ม. (72ม้วน/ลัง) | DQ1: ผ้าฉาบ ไฟเบอร์กลาส 5 ซม. x 20 ม. (72 ม้วน/ลัง) | DR1: ผ้าฉาบ ไฟเบอร์กลาส 5 ซม. x 45 ม. (54 ม้วน/ลัง) | DS1: สกรูยิปซั่ม 6 หุน (19 มม. - ญ) 7 ขีด | DT1: สกรูยิปซั่ม 6 หุน (19 มม. - ญ) 6 ขีด | DU1: สกรูยิปซั่ม 6 หุน (19 มม.- ล) 5 ขีด | DV1: สกรูยิปซั่ม 6 หุน (19 มม.- ล) 5 ขีด | DW1: สกรูยิปซั่ม 1 นิ้ว (25.4 มม.- ญ) 7 ขีด | DX1: สกรูยิปซั่ม 1 นิ้ว (25.4 มม.- ญ) 6 ขีด | DY1: สกรูยิปซั่ม 1 นิ้ว (25.4 มม.- ล) 5 ขีด | DZ1: สกรูยิปซั่ม 1 นิ้ว (25.4 มม.- ล) 5 ขีด | EA1: สกรูยิปซั่ม 1 1/2 นิ้ว (38.1 มม.) 7 ขีด | EB1: สกรูยิปซั่ม 1 1/2 นิ้ว (38.1 มม.) 6 ขีด | EC1: สกรูยิปซั่ม 1 1/2 นิ้ว (38.1 มม.) 5 ขีด | ED1: สกรูยิปซั่ม 2 นิ้ว (50.8 มม.) 7 ขีด | EE1: สกรูยิปซั่ม 2 นิ้ว (50.8 มม.) 6 ขีด | EF1: สกรูยิปซั่ม 2 นิ้ว (50.8 มม.) 5 ขีด | EG1: สกรูยิงสมาร์ทบอร์ด 6X1 | EH1: สกรูยิงสมาร์ทบอร์ด 6 X 3/4 | EI1: สกรูยิงโครงคร่าว 3 หุน (10 มม.) No.6 | EJ1: กระดาษทราย No.3 | EK1: กระดาษทราย No.4 | EL1: ลวดเบอร์ 18 | EM1: ลวดเบอร์ 18 | EN1: ตะปูตีฉาก (1 Kg.) | EO1: ตะปูตีฉาก (0.5 Kg.) | EP1: สีอะครีลิค TG 5.0 แกลลอน สีควันบุหรี่ | EQ1: แปรงทาสีด้ามไม้ PUMKIN 1" | ER1: แปรงทาสีด้ามไม้ PUMKIN 2" | ES1: แปรงทาสีด้ามไม้ PUMKIN 4" | ET1: แปรงลูกกลิ้งทาสี 10 นิ้ว รุ่นมืออาชีพ PUMPKIN-PRO
